{
    "train_loss": [
        0.22728970713136387,
        0.13521731662009756,
        0.12056088048759048,
        0.10229613170301988,
        0.10121394581864217,
        0.08305963855008223
    ],
    "val_loss": [
        1.0655405521392822,
        0.3118595778942108,
        0.24580775201320648,
        0.4738152027130127,
        0.275094211101532,
        0.2876259386539459
    ],
    "train_acc": [
        0.7925613496932515,
        0.8987730061349694,
        0.9045245398773006,
        0.9179447852760736,
        0.9221625766871165,
        0.9361579754601227
    ],
    "val_acc": [
        0.625,
        0.75,
        0.6875,
        0.75,
        0.75,
        0.8125
    ],
    "lr": [
        0.001,
        0.001,
        0.001,
        0.001,
        0.001,
        0.0001
    ]
}