{
    "train_loss": [
        0.1033753346583229,
        0.06928765895473628,
        0.06628310509837387,
        0.0637697184349816,
        0.06576875474395379,
        0.04812699011269888
    ],
    "val_loss": [
        0.3623945713043213,
        0.39797937870025635,
        0.11956623196601868,
        0.307142436504364,
        0.26144471764564514,
        0.13913556933403015
    ],
    "train_acc": [
        0.9189033742331288,
        0.9428680981595092,
        0.9513036809815951,
        0.9530291411042945,
        0.9518788343558282,
        0.9699003067484663
    ],
    "val_acc": [
        0.8125,
        0.75,
        0.875,
        0.8125,
        0.8125,
        0.9375
    ],
    "lr": [
        0.001,
        0.001,
        0.001,
        0.001,
        0.001,
        0.0001
    ]
}