{
    "train_loss": [
        0.22795166342627782,
        0.13386575089756148,
        0.11768078394919816,
        0.10071391462594088,
        0.0998192885376376,
        0.08410974895935848
    ],
    "val_loss": [
        0.5308591723442078,
        0.41314569115638733,
        0.269379585981369,
        0.4131237864494324,
        0.29885226488113403,
        0.3344860076904297
    ],
    "train_acc": [
        0.7969708588957055,
        0.9010736196319018,
        0.9089340490797546,
        0.9198619631901841,
        0.9259969325153374,
        0.9336656441717791
    ],
    "val_acc": [
        0.6875,
        0.8125,
        0.6875,
        0.875,
        0.75,
        0.875
    ],
    "lr": [
        0.001,
        0.001,
        0.001,
        0.001,
        0.001,
        0.0001
    ]
}