{
    "train_loss": [
        0.10126210315484394,
        0.07708475576496564,
        0.07144555150948327,
        0.06024634262169797,
        0.06058849714856389
    ],
    "val_loss": [
        0.19535309076309204,
        0.10883647948503494,
        0.2546384036540985,
        0.15258994698524475,
        0.2698967456817627
    ],
    "train_acc": [
        0.9198619631901841,
        0.9415260736196319,
        0.9447852760736196,
        0.9557131901840491,
        0.9536042944785276
    ],
    "val_acc": [
        0.625,
        0.9375,
        0.875,
        0.8125,
        0.8125
    ],
    "lr": [
        0.001,
        0.001,
        0.001,
        0.001,
        0.001
    ]
}