{
    "baseline": {
        "accuracy": 0.8605769230769231,
        "precision": 0.9416909620991254,
        "recall": 0.8282051282051283,
        "f1_score": 0.8813096862210096,
        "roc_auc": 0.9451128643436335,
        "model": "baseline",
        "f1_at_0.3": 0.904639175257732
    },
    "resnet18": {
        "accuracy": 0.9246794871794872,
        "precision": 0.9276807980049875,
        "recall": 0.9538461538461539,
        "f1_score": 0.9405815423514539,
        "roc_auc": 0.9776079333771641,
        "model": "resnet18",
        "f1_at_0.3": 0.9486858573216521
    },
    "densenet121": {
        "accuracy": 0.9198717948717948,
        "precision": 0.9336734693877551,
        "recall": 0.9384615384615385,
        "f1_score": 0.9360613810741688,
        "roc_auc": 0.9729125575279421,
        "model": "densenet121",
        "f1_at_0.3": 0.9330024813895782
    }
}