{
    "baseline": {
        "accuracy": 0.8685897435897436,
        "precision": 0.925414364640884,
        "recall": 0.8589743589743589,
        "f1_score": 0.8909574468085106,
        "roc_auc": 0.9415187376725839,
        "model": "baseline",
        "f1_at_0.3": 0.9010152284263959
    },
    "resnet18": {
        "accuracy": 0.875,
        "precision": 0.9727272727272728,
        "recall": 0.823076923076923,
        "f1_score": 0.8916666666666667,
        "roc_auc": 0.9742713127328512,
        "model": "resnet18",
        "f1_at_0.3": 0.9271523178807947
    },
    "densenet121": {
        "accuracy": 0.907051282051282,
        "precision": 0.953551912568306,
        "recall": 0.8948717948717949,
        "f1_score": 0.9232804232804233,
        "roc_auc": 0.9763204032434801,
        "model": "densenet121",
        "f1_at_0.3": 0.9505703422053232
    }
}