{
    "accuracy": 0.9375,
    "recall": 0.9615384615384616,
    "f1_score": 0.9505703422053232,
    "roc_auc": 0.9763204032434801,
    "pr_auc": 0.9815079303788713,
    "threshold": 0.3,
    "model": "densenet121"
}