{
    "accuracy": 0.9310897435897436,
    "recall": 0.9871794871794872,
    "f1_score": 0.947109471094711,
    "roc_auc": 0.9816458470304623,
    "pr_auc": 0.9888819496260525,
    "threshold": 0.3,
    "model": "efficientnet_b0"
}