{
    "train_loss": [
        0.09541617296179014,
        0.06076152867243334,
        0.053221062297127184,
        0.05059569492433334,
        0.04358981113218091
    ],
    "val_loss": [
        1.22975492477417,
        0.08159893751144409,
        0.16597199440002441,
        0.09383944422006607,
        0.08324502408504486
    ],
    "train_acc": [
        0.9206288343558282,
        0.95954754601227,
        0.9606978527607362,
        0.9606978527607362,
        0.963957055214724
    ],
    "val_acc": [
        0.5625,
        1.0,
        0.9375,
        1.0,
        1.0
    ],
    "lr": [
        0.001,
        0.001,
        0.001,
        0.001,
        0.001
    ]
}