{
    "train_loss": [
        0.10263572881238227,
        0.07667822583058587,
        0.07234085054691035,
        0.061919232504728014,
        0.061154340405268535
    ],
    "val_loss": [
        0.3104906380176544,
        0.13133257627487183,
        0.22680269181728363,
        0.2076176404953003,
        0.20807796716690063
    ],
    "train_acc": [
        0.9173696319018405,
        0.9401840490797546,
        0.9486196319018405,
        0.9528374233128835,
        0.9503450920245399
    ],
    "val_acc": [
        0.875,
        0.75,
        0.875,
        0.9375,
        0.75
    ],
    "lr": [
        0.001,
        0.001,
        0.001,
        0.001,
        0.001
    ]
}