{
    "accuracy": 0.907051282051282,
    "precision": 0.953551912568306,
    "recall": 0.8948717948717949,
    "f1_score": 0.9232804232804233,
    "roc_auc": 0.9763204032434801
}