{
    "accuracy": 0.9198717948717948,
    "precision": 0.9336734693877551,
    "recall": 0.9384615384615385,
    "f1_score": 0.9360613810741688,
    "roc_auc": 0.9729125575279421
}