{
    "train_loss": [
        0.09615342826382514,
        0.0596757639753718,
        0.05814547019445,
        0.04938453404758514,
        0.04811714130933711,
        0.030593831110688533,
        0.026503211757928087,
        0.02539543474544457,
        0.022978572589859504,
        0.025140035362554245
    ],
    "val_loss": [
        0.1643240600824356,
        0.1785494089126587,
        0.44973984360694885,
        0.09370744228363037,
        0.21522510051727295,
        0.09967035055160522,
        0.07446383684873581,
        0.06754115223884583,
        0.09678538888692856,
        0.08727940917015076
    ],
    "train_acc": [
        0.9210122699386503,
        0.9536042944785276,
        0.9545628834355828,
        0.9652990797546013,
        0.964340490797546,
        0.9783358895705522,
        0.9808282208588958,
        0.9823619631901841,
        0.982170245398773,
        0.9817868098159509
    ],
    "val_acc": [
        0.875,
        0.9375,
        0.625,
        1.0,
        0.875,
        1.0,
        1.0,
        1.0,
        1.0,
        1.0
    ],
    "lr": [
        0.001,
        0.001,
        0.001,
        0.001,
        0.001,
        0.0001,
        0.0001,
        0.0001,
        0.0001,
        0.0001
    ]
}