{
    "accuracy": 0.9198717948717948,
    "recall": 0.9948717948717949,
    "f1_score": 0.9394673123486683,
    "roc_auc": 0.9878479070786763,
    "pr_auc": 0.9923173191552389,
    "threshold": 0.3,
    "model": "mobilenet_v2"
}