{
    "accuracy": 0.9118589743589743,
    "recall": 0.8974358974358975,
    "f1_score": 0.9271523178807947,
    "roc_auc": 0.9742713127328512,
    "pr_auc": 0.9840276248880553,
    "threshold": 0.3,
    "model": "resnet18"
}