{
    "train_loss": [
        0.09780043869227903,
        0.06696351874688286,
        0.06852240759902205,
        0.06839975108752495,
        0.0658737269167337,
        0.04551122711537166
    ],
    "val_loss": [
        1.0375010967254639,
        0.37826430797576904,
        0.09525001794099808,
        0.4299057722091675,
        0.3431329131126404,
        0.18138636648654938
    ],
    "train_acc": [
        0.9231211656441718,
        0.9503450920245399,
        0.946510736196319,
        0.94670245398773,
        0.9511119631901841,
        0.9702837423312883
    ],
    "val_acc": [
        0.6875,
        0.75,
        0.9375,
        0.8125,
        0.9375,
        0.9375
    ],
    "lr": [
        0.001,
        0.001,
        0.001,
        0.001,
        0.001,
        0.0001
    ]
}